id,name
17,"Afya Pwani"
3,"Afya Ziwani"
2,AIHA
33,AMURT
11,Bomu
18,"Case OVC"
28,"Case OVC (Cheer-up CBO)"
27,"Case OVC (SJCC)"
34,"CHS Shinda Tena"
35,"CIHEB Connect"
36,"CIHEB Entrench"
29,"Coptic Hospitals"
4,"Global Communities"
19,"Global Communities (S.J.C.C)"
5,"Henry Jackson Foundation"
16,"HSDSA Cluster 3 (JHPIEGO)"
6,HWWK
8,IRDO
12,"KCCB ACTS"
43,"LVCT Dhibiti"
9,"LVCT HEALTH-DARAJA"
7,"LVCT HEALTH-STEPS"
37,"LVCT Vukisha 95"
32,MUCHS
13,"Mwendo OVC"
14,Nilinde
26,"Nilinde (AMURT)"
22,"Nilinde (CHF)"
23,"Nilinde (DEK)"
25,"Nilinde (HWWK)"
20,"Nilinde (NIP)"
21,"Nilinde (RIDA)"
24,"Nilinde (SJCC)"
15,Path
30,"PATH Kenya"
10,"Peace Corps"
38,UoN_CRISSP_Plus
39,"USAID Nuru Ya Mtoto"
42,"USAID Tujitegemee"
41,"USAID Tumikia Mtoto"
31,"World Vision Kenya"
